water,contribution
120.0,5.180290914061436
130.0,7.186895391003093
140.0,8.23787189859035
150.0,7.518825096516364
160.0,5.447039627706322
170.0,2.7594601825792062
180.0,-0.19203095076652885
190.0,-2.69607267620026
200.0,-4.2352697823350045
210.0,-4.309946815214571
220.0,-2.7974105928871205
230.0,-0.40777888948391044
240.0,1.9860242356935083
250.0,4.246403057625982
